Genre,Year,Average Popularity,Average Energy
Metal,1899,0,0
Metal,1901,0,0
Metal,1902,0,0
Metal,1903,0,0
Metal,1904,0,0
Metal,1909,0,0
Metal,1923,0,0
Metal,1924,0,0
Metal,1925,0,0
Metal,1926,0,0
Metal,1927,0,0
Metal,1928,0,0
Metal,1929,0,0
Metal,1930,0,0
Metal,1931,0,0
Metal,1932,0,0
Metal,1933,0,0
Metal,1934,0,0
Metal,1935,0,0
Metal,1936,0,0
Metal,1937,0,0
Metal,1938,0,0
Metal,1939,0,0
Metal,1940,0,0
Metal,1941,0,0
Metal,1942,0,0
Metal,1943,0,0
Metal,1944,0,0
Metal,1945,0,0
Metal,1946,0,0
Metal,1947,0,0
Metal,1948,0,0
Metal,1949,0,0
Metal,1950,0,0
Metal,1951,0,0
Metal,1952,0,0
Metal,1953,0,0
Metal,1954,0,0
Metal,1955,0,0
Metal,1956,0,0
Metal,1957,0,0
Metal,1958,0,0
Metal,1959,0,0
Metal,1960,0,0
Metal,1961,0,0
Metal,1962,0,0
Metal,1963,0,0
Metal,1964,0,0
Metal,1965,0,0
Metal,1966,0,0
Metal,1967,0,0
Metal,1968,40,0.62
Metal,1969,0,0
Metal,1970,55,0.62
Metal,1971,47,0.52
Metal,1972,53,0.76
Metal,1973,36,0.77
Metal,1974,41,0.76
Metal,1975,48,0.75
Metal,1976,43,0.78
Metal,1977,42,0.71
Metal,1978,54,0.81
Metal,1979,56,0.84
Metal,1980,49,0.83
Metal,1981,50,0.86
Metal,1982,44,0.84
Metal,1983,46,0.86
Metal,1984,48,0.84
Metal,1985,40,0.84
Metal,1986,42,0.87
Metal,1987,46,0.87
Metal,1988,41,0.85
Metal,1989,47,0.82
Metal,1990,46,0.85
Metal,1991,52,0.76
Metal,1992,53,0.84
Metal,1993,48,0.8
Metal,1994,45,0.81
Metal,1995,43,0.87
Metal,1996,52,0.91
Metal,1997,38,0.92
Metal,1998,53,0.83
Metal,1999,39,0.83
Metal,2000,47,0.9
Metal,2001,58,0.86
Metal,2002,42,0.89
Metal,2003,48,0.88
Metal,2004,50,0.9
Metal,2005,52,0.89
Metal,2006,51,0.91
Metal,2007,38,0.87
Metal,2008,50,0.93
Metal,2009,40,0.89
Metal,2010,55,0.92
Metal,2011,50,0.95
Metal,2012,49,0.93
Metal,2013,52,0.92
Metal,2014,44,0.95
Metal,2015,49,0.84
Metal,2016,55,0.9
Metal,2017,28,0.97
Metal,2018,57,0.79
Metal,2019,42,0.9
Metal,2020,0,0
Metal,2021,47,0.99
Metal,2022,44,0.98
Metal,2023,0,0
Metal,2024,0,0
Funk,1899,0,0
Funk,1901,0,0
Funk,1902,0,0
Funk,1903,0,0
Funk,1904,0,0
Funk,1909,0,0
Funk,1923,0,0
Funk,1924,0,0
Funk,1925,0,0
Funk,1926,0,0
Funk,1927,0,0
Funk,1928,0,0
Funk,1929,0,0
Funk,1930,0,0
Funk,1931,0,0
Funk,1932,0,0
Funk,1933,0,0
Funk,1934,0,0
Funk,1935,0,0
Funk,1936,0,0
Funk,1937,0,0
Funk,1938,0,0
Funk,1939,0,0
Funk,1940,0,0
Funk,1941,0,0
Funk,1942,0,0
Funk,1943,0,0
Funk,1944,0,0
Funk,1945,0,0
Funk,1946,0,0
Funk,1947,0,0
Funk,1948,0,0
Funk,1949,0,0
Funk,1950,0,0
Funk,1951,0,0
Funk,1952,0,0
Funk,1953,0,0
Funk,1954,0,0
Funk,1955,0,0
Funk,1956,0,0
Funk,1957,0,0
Funk,1958,0,0
Funk,1959,56,0.87
Funk,1960,0,0
Funk,1961,0,0
Funk,1962,51,0.81
Funk,1963,0,0
Funk,1964,20,0.22
Funk,1965,17,0.45
Funk,1966,30,0.3
Funk,1967,14,0.39
Funk,1968,41,0.5
Funk,1969,41,0.67
Funk,1970,44,0.67
Funk,1971,37,0.68
Funk,1972,37,0.71
Funk,1973,32,0.71
Funk,1974,34,0.63
Funk,1975,37,0.62
Funk,1976,30,0.69
Funk,1977,31,0.62
Funk,1978,32,0.71
Funk,1979,24,0.68
Funk,1980,33,0.73
Funk,1981,43,0.56
Funk,1982,31,0.7
Funk,1983,34,0.62
Funk,1984,31,0.66
Funk,1985,27,0.67
Funk,1986,49,0.75
Funk,1987,36,0.52
Funk,1988,27,0.7
Funk,1989,0,0
Funk,1990,0,0
Funk,1991,0,0
Funk,1992,0,0
Funk,1993,0,0
Funk,1994,0,0
Funk,1995,0,0
Funk,1996,0,0
Funk,1997,0,0
Funk,1998,11,0.94
Funk,1999,0,0
Funk,2000,27,0.74
Funk,2001,0,0
Funk,2002,0,0
Funk,2003,0,0
Funk,2004,0,0
Funk,2005,0,0
Funk,2006,0,0
Funk,2007,44,0.39
Funk,2008,0,0
Funk,2009,0,0
Funk,2010,34,0.72
Funk,2011,42,0.49
Funk,2012,14,0.82
Funk,2013,34,0.65
Funk,2014,41,0.68
Funk,2015,56,0.6
Funk,2016,44,0.68
Funk,2017,39,0.55
Funk,2018,55,0.83
Funk,2019,23,0.56
Funk,2020,61,0.67
Funk,2021,0,0
Funk,2022,36,0.69
Funk,2023,45,0.59
Funk,2024,0,0
Rap,1899,0,0
Rap,1901,0,0
Rap,1902,0,0
Rap,1903,0,0
Rap,1904,0,0
Rap,1909,0,0
Rap,1923,0,0
Rap,1924,0,0
Rap,1925,0,0
Rap,1926,0,0
Rap,1927,0,0
Rap,1928,0,0
Rap,1929,0,0
Rap,1930,0,0
Rap,1931,0,0
Rap,1932,0,0
Rap,1933,0,0
Rap,1934,0,0
Rap,1935,0,0
Rap,1936,0,0
Rap,1937,0,0
Rap,1938,0,0
Rap,1939,0,0
Rap,1940,0,0
Rap,1941,0,0
Rap,1942,0,0
Rap,1943,0,0
Rap,1944,0,0
Rap,1945,0,0
Rap,1946,0,0
Rap,1947,0,0
Rap,1948,0,0
Rap,1949,0,0
Rap,1950,0,0
Rap,1951,0,0
Rap,1952,0,0
Rap,1953,0,0
Rap,1954,0,0
Rap,1955,0,0
Rap,1956,0,0
Rap,1957,0,0
Rap,1958,0,0
Rap,1959,0,0
Rap,1960,0,0
Rap,1961,0,0
Rap,1962,0,0
Rap,1963,0,0
Rap,1964,0,0
Rap,1965,0,0
Rap,1966,0,0
Rap,1967,0,0
Rap,1968,0,0
Rap,1969,0,0
Rap,1970,0,0
Rap,1971,0,0
Rap,1972,0,0
Rap,1973,0,0
Rap,1974,0,0
Rap,1975,0,0
Rap,1976,0,0
Rap,1977,0,0
Rap,1978,0,0
Rap,1979,0,0
Rap,1980,0,0
Rap,1981,0,0
Rap,1982,33,0.72
Rap,1983,34,0.78
Rap,1984,0,0
Rap,1985,31,0.57
Rap,1986,41,0.8
Rap,1987,33,0.66
Rap,1988,40,0.76
Rap,1989,34,0.72
Rap,1990,53,0.62
Rap,1991,51,0.77
Rap,1992,55,0.84
Rap,1993,56,0.64
Rap,1994,53,0.64
Rap,1995,49,0.66
Rap,1996,46,0.69
Rap,1997,48,0.66
Rap,1998,55,0.67
Rap,1999,55,0.69
Rap,2000,50,0.7
Rap,2001,56,0.73
Rap,2002,56,0.7
Rap,2003,60,0.73
Rap,2004,57,0.75
Rap,2005,61,0.7
Rap,2006,41,0.72
Rap,2007,57,0.72
Rap,2008,61,0.7
Rap,2009,53,0.75
Rap,2010,63,0.76
Rap,2011,56,0.69
Rap,2012,56,0.7
Rap,2013,62,0.62
Rap,2014,61,0.69
Rap,2015,58,0.67
Rap,2016,59,0.61
Rap,2017,66,0.64
Rap,2018,61,0.63
Rap,2019,65,0.65
Rap,2020,61,0.56
Rap,2021,60,0.6
Rap,2022,59,0.68
Rap,2023,75,0.77
Rap,2024,0,0
Alt. Rock,1899,0,0
Alt. Rock,1901,0,0
Alt. Rock,1902,0,0
Alt. Rock,1903,0,0
Alt. Rock,1904,0,0
Alt. Rock,1909,0,0
Alt. Rock,1923,0,0
Alt. Rock,1924,0,0
Alt. Rock,1925,0,0
Alt. Rock,1926,0,0
Alt. Rock,1927,0,0
Alt. Rock,1928,0,0
Alt. Rock,1929,0,0
Alt. Rock,1930,0,0
Alt. Rock,1931,0,0
Alt. Rock,1932,0,0
Alt. Rock,1933,0,0
Alt. Rock,1934,0,0
Alt. Rock,1935,0,0
Alt. Rock,1936,0,0
Alt. Rock,1937,0,0
Alt. Rock,1938,0,0
Alt. Rock,1939,0,0
Alt. Rock,1940,0,0
Alt. Rock,1941,0,0
Alt. Rock,1942,0,0
Alt. Rock,1943,0,0
Alt. Rock,1944,0,0
Alt. Rock,1945,0,0
Alt. Rock,1946,0,0
Alt. Rock,1947,0,0
Alt. Rock,1948,0,0
Alt. Rock,1949,0,0
Alt. Rock,1950,0,0
Alt. Rock,1951,0,0
Alt. Rock,1952,0,0
Alt. Rock,1953,0,0
Alt. Rock,1954,0,0
Alt. Rock,1955,0,0
Alt. Rock,1956,0,0
Alt. Rock,1957,0,0
Alt. Rock,1958,0,0
Alt. Rock,1959,0,0
Alt. Rock,1960,0,0
Alt. Rock,1961,0,0
Alt. Rock,1962,0,0
Alt. Rock,1963,0,0
Alt. Rock,1964,54,0.45
Alt. Rock,1965,17,0.22
Alt. Rock,1966,0,0
Alt. Rock,1967,47,0.54
Alt. Rock,1968,36,0.53
Alt. Rock,1969,49,0.41
Alt. Rock,1970,52,0.73
Alt. Rock,1971,0,0
Alt. Rock,1972,55,0.52
Alt. Rock,1973,30,0.3
Alt. Rock,1974,33,0.74
Alt. Rock,1975,48,0.43
Alt. Rock,1976,52,0.86
Alt. Rock,1977,44,0.79
Alt. Rock,1978,45,0.78
Alt. Rock,1979,45,0.76
Alt. Rock,1980,46,0.79
Alt. Rock,1981,49,0.76
Alt. Rock,1982,53,0.75
Alt. Rock,1983,54,0.7
Alt. Rock,1984,49,0.73
Alt. Rock,1985,45,0.83
Alt. Rock,1986,56,0.75
Alt. Rock,1987,50,0.76
Alt. Rock,1988,56,0.71
Alt. Rock,1989,52,0.77
Alt. Rock,1990,49,0.76
Alt. Rock,1991,63,0.8
Alt. Rock,1992,54,0.68
Alt. Rock,1993,55,0.65
Alt. Rock,1994,61,0.72
Alt. Rock,1995,62,0.75
Alt. Rock,1996,55,0.73
Alt. Rock,1997,59,0.72
Alt. Rock,1998,64,0.84
Alt. Rock,1999,62,0.82
Alt. Rock,2000,61,0.84
Alt. Rock,2001,62,0.8
Alt. Rock,2002,62,0.79
Alt. Rock,2003,64,0.8
Alt. Rock,2004,63,0.84
Alt. Rock,2005,58,0.82
Alt. Rock,2006,70,0.9
Alt. Rock,2007,65,0.84
Alt. Rock,2008,62,0.81
Alt. Rock,2009,65,0.79
Alt. Rock,2010,54,0.84
Alt. Rock,2011,55,0.8
Alt. Rock,2012,61,0.79
Alt. Rock,2013,69,0.91
Alt. Rock,2014,0,0
Alt. Rock,2015,55,0.91
Alt. Rock,2016,0,0
Alt. Rock,2017,75,0.82
Alt. Rock,2018,59,0.68
Alt. Rock,2019,0,0
Alt. Rock,2020,0,0
Alt. Rock,2021,0,0
Alt. Rock,2022,0,0
Alt. Rock,2023,0,0
Alt. Rock,2024,0,0
Rock,1899,0,0
Rock,1901,0,0
Rock,1902,0,0
Rock,1903,0,0
Rock,1904,0,0
Rock,1909,0,0
Rock,1923,0,0
Rock,1924,0,0
Rock,1925,0,0
Rock,1926,0,0
Rock,1927,0,0
Rock,1928,0,0
Rock,1929,0,0
Rock,1930,0,0
Rock,1931,0,0
Rock,1932,0,0
Rock,1933,0,0
Rock,1934,0,0
Rock,1935,0,0
Rock,1936,0,0
Rock,1937,0,0
Rock,1938,0,0
Rock,1939,0,0
Rock,1940,0,0
Rock,1941,0,0
Rock,1942,0,0
Rock,1943,0,0
Rock,1944,0,0
Rock,1945,0,0
Rock,1946,0,0
Rock,1947,0,0
Rock,1948,0,0
Rock,1949,0,0
Rock,1950,0,0
Rock,1951,0,0
Rock,1952,0,0
Rock,1953,0,0
Rock,1954,0,0
Rock,1955,0,0
Rock,1956,0,0
Rock,1957,0,0
Rock,1958,0,0
Rock,1959,0,0
Rock,1960,0,0
Rock,1961,0,0
Rock,1962,32,0.54
Rock,1963,0,0
Rock,1964,26,0.61
Rock,1965,18,0.61
Rock,1966,14,0.6
Rock,1967,25,0.48
Rock,1968,28,0.5
Rock,1969,22,0.54
Rock,1970,30,0.53
Rock,1971,21,0.64
Rock,1972,31,0.53
Rock,1973,33,0.65
Rock,1974,26,0.67
Rock,1975,29,0.6
Rock,1976,28,0.72
Rock,1977,28,0.62
Rock,1978,29,0.66
Rock,1979,32,0.63
Rock,1980,21,0.67
Rock,1981,25,0.61
Rock,1982,26,0.74
Rock,1983,27,0.65
Rock,1984,23,0.67
Rock,1985,23,0.7
Rock,1986,25,0.73
Rock,1987,30,0.71
Rock,1988,22,0.78
Rock,1989,26,0.77
Rock,1990,21,0.71
Rock,1991,28,0.64
Rock,1992,23,0.65
Rock,1993,26,0.7
Rock,1994,20,0.67
Rock,1995,31,0.69
Rock,1996,29,0.75
Rock,1997,18,0.61
Rock,1998,25,0.54
Rock,1999,8,0.71
Rock,2000,23,0.93
Rock,2001,17,0.58
Rock,2002,23,0.56
Rock,2003,20,0.68
Rock,2004,23,0.69
Rock,2005,27,0.76
Rock,2006,15,0.76
Rock,2007,28,0.82
Rock,2008,19,0.86
Rock,2009,7,0.75
Rock,2010,20,0.68
Rock,2011,12,0.7
Rock,2012,18,0.79
Rock,2013,17,0.59
Rock,2014,31,0.68
Rock,2015,17,0.72
Rock,2016,14,0.62
Rock,2017,10,0.62
Rock,2018,33,0.6
Rock,2019,18,0.93
Rock,2020,28,0.67
Rock,2021,15,0.77
Rock,2022,26,0.72
Rock,2023,22,0.68
Rock,2024,34,0.86
Pop,1899,0,0
Pop,1901,0,0
Pop,1902,0,0
Pop,1903,0,0
Pop,1904,0,0
Pop,1909,0,0
Pop,1923,0,0
Pop,1924,0,0
Pop,1925,0,0
Pop,1926,0,0
Pop,1927,0,0
Pop,1928,0,0
Pop,1929,0,0
Pop,1930,0,0
Pop,1931,0,0
Pop,1932,0,0
Pop,1933,0,0
Pop,1934,0,0
Pop,1935,0,0
Pop,1936,0,0
Pop,1937,0,0
Pop,1938,0,0
Pop,1939,0,0
Pop,1940,0,0
Pop,1941,0,0
Pop,1942,0,0
Pop,1943,0,0
Pop,1944,0,0
Pop,1945,0,0
Pop,1946,0,0
Pop,1947,0,0
Pop,1948,0,0
Pop,1949,0,0
Pop,1950,45,0.2
Pop,1951,59,0.56
Pop,1952,64,0.61
Pop,1953,49,0.34
Pop,1954,61,0.57
Pop,1955,65,0.58
Pop,1956,56,0.61
Pop,1957,51,0.57
Pop,1958,57,0.55
Pop,1959,53,0.55
Pop,1960,44,0.51
Pop,1961,46,0.54
Pop,1962,45,0.56
Pop,1963,45,0.51
Pop,1964,51,0.57
Pop,1965,49,0.62
Pop,1966,50,0.58
Pop,1967,50,0.56
Pop,1968,52,0.59
Pop,1969,52,0.6
Pop,1970,47,0.6
Pop,1971,49,0.57
Pop,1972,54,0.55
Pop,1973,54,0.59
Pop,1974,52,0.61
Pop,1975,50,0.59
Pop,1976,51,0.55
Pop,1977,53,0.6
Pop,1978,52,0.55
Pop,1979,56,0.59
Pop,1980,56,0.56
Pop,1981,54,0.59
Pop,1982,54,0.59
Pop,1983,59,0.66
Pop,1984,57,0.68
Pop,1985,60,0.67
Pop,1986,60,0.62
Pop,1987,57,0.67
Pop,1988,54,0.62
Pop,1989,56,0.66
Pop,1990,56,0.64
Pop,1991,55,0.67
Pop,1992,55,0.62
Pop,1993,54,0.59
Pop,1994,58,0.6
Pop,1995,59,0.62
Pop,1996,57,0.6
Pop,1997,55,0.62
Pop,1998,57,0.63
Pop,1999,60,0.64
Pop,2000,0,0
Pop,2001,0,0
Pop,2002,0,0
Pop,2003,0,0
Pop,2004,0,0
Pop,2005,0,0
Pop,2006,0,0
Pop,2007,0,0
Pop,2008,0,0
Pop,2009,0,0
Pop,2010,0,0
Pop,2011,0,0
Pop,2012,0,0
Pop,2013,0,0
Pop,2014,0,0
Pop,2015,0,0
Pop,2016,0,0
Pop,2017,0,0
Pop,2018,0,0
Pop,2019,0,0
Pop,2020,0,0
Pop,2021,0,0
Pop,2022,0,0
Pop,2023,0,0
Pop,2024,0,0
Disco,1899,0,0
Disco,1901,0,0
Disco,1902,0,0
Disco,1903,0,0
Disco,1904,0,0
Disco,1909,0,0
Disco,1923,0,0
Disco,1924,0,0
Disco,1925,0,0
Disco,1926,0,0
Disco,1927,0,0
Disco,1928,0,0
Disco,1929,0,0
Disco,1930,0,0
Disco,1931,0,0
Disco,1932,0,0
Disco,1933,0,0
Disco,1934,0,0
Disco,1935,0,0
Disco,1936,0,0
Disco,1937,0,0
Disco,1938,0,0
Disco,1939,0,0
Disco,1940,0,0
Disco,1941,0,0
Disco,1942,0,0
Disco,1943,0,0
Disco,1944,0,0
Disco,1945,0,0
Disco,1946,0,0
Disco,1947,0,0
Disco,1948,0,0
Disco,1949,0,0
Disco,1950,0,0
Disco,1951,0,0
Disco,1952,0,0
Disco,1953,0,0
Disco,1954,0,0
Disco,1955,0,0
Disco,1956,0,0
Disco,1957,0,0
Disco,1958,0,0
Disco,1959,0,0
Disco,1960,0,0
Disco,1961,0,0
Disco,1962,0,0
Disco,1963,0,0
Disco,1964,0,0
Disco,1965,0,0
Disco,1966,0,0
Disco,1967,54,0.41
Disco,1968,0,0
Disco,1969,47,0.65
Disco,1970,41,0.71
Disco,1971,18,0.58
Disco,1972,27,0.7
Disco,1973,31,0.59
Disco,1974,31,0.58
Disco,1975,27,0.64
Disco,1976,29,0.68
Disco,1977,32,0.67
Disco,1978,27,0.66
Disco,1979,29,0.7
Disco,1980,30,0.64
Disco,1981,30,0.64
Disco,1982,29,0.7
Disco,1983,38,0.78
Disco,1984,36,0.72
Disco,1985,39,0.76
Disco,1986,61,0.84
Disco,1987,32,0.7
Disco,1988,0,0
Disco,1989,0,0
Disco,1990,0,0
Disco,1991,0,0
Disco,1992,0,0
Disco,1993,0,0
Disco,1994,58,0.85
Disco,1995,0,0
Disco,1996,0,0
Disco,1997,0,0
Disco,1998,0,0
Disco,1999,0,0
Disco,2000,14,0.67
Disco,2001,0,0
Disco,2002,0,0
Disco,2003,0,0
Disco,2004,0,0
Disco,2005,0,0
Disco,2006,0,0
Disco,2007,0,0
Disco,2008,2,0.92
Disco,2009,0,0
Disco,2010,0,0
Disco,2011,0,0
Disco,2012,0,0
Disco,2013,0,0
Disco,2014,0,0
Disco,2015,0,0
Disco,2016,0,0
Disco,2017,0,0
Disco,2018,0,0
Disco,2019,0,0
Disco,2020,38,0.76
Disco,2021,0,0
Disco,2022,0,0
Disco,2023,0,0
Disco,2024,0,0
Folk,1899,0,0
Folk,1901,0,0
Folk,1902,0,0
Folk,1903,0,0
Folk,1904,0,0
Folk,1909,0,0
Folk,1923,0,0
Folk,1924,0,0
Folk,1925,0,0
Folk,1926,0,0
Folk,1927,0,0
Folk,1928,0,0
Folk,1929,0,0
Folk,1930,0,0
Folk,1931,0,0
Folk,1932,0,0
Folk,1933,0,0
Folk,1934,0,0
Folk,1935,0,0
Folk,1936,0,0
Folk,1937,0,0
Folk,1938,0,0
Folk,1939,25,0.35
Folk,1940,21,0.19
Folk,1941,24,0.39
Folk,1942,0,0
Folk,1943,0,0
Folk,1944,0,0
Folk,1945,0,0
Folk,1946,0,0
Folk,1947,0,0
Folk,1948,0,0
Folk,1949,0,0
Folk,1950,7,0.48
Folk,1951,13,0.34
Folk,1952,0,0
Folk,1953,0,0
Folk,1954,15,0.53
Folk,1955,3,0.58
Folk,1956,30,0.29
Folk,1957,41,0.25
Folk,1958,32,0.2
Folk,1959,2,0.02
Folk,1960,10,0.23
Folk,1961,26,0.29
Folk,1962,18,0.29
Folk,1963,16,0.34
Folk,1964,21,0.28
Folk,1965,30,0.37
Folk,1966,36,0.39
Folk,1967,37,0.51
Folk,1968,32,0.28
Folk,1969,31,0.26
Folk,1970,38,0.33
Folk,1971,33,0.35
Folk,1972,32,0.46
Folk,1973,26,0.29
Folk,1974,37,0.39
Folk,1975,33,0.39
Folk,1976,22,0.34
Folk,1977,18,0.48
Folk,1978,19,0.55
Folk,1979,24,0.28
Folk,1980,28,0.33
Folk,1981,0,0
Folk,1982,0,0
Folk,1983,20,0.29
Folk,1984,40,0.43
Folk,1985,45,0.37
Folk,1986,22,0.36
Folk,1987,43,0.46
Folk,1988,46,0.32
Folk,1989,31,0.35
Folk,1990,39,0.7
Folk,1991,28,0.49
Folk,1992,43,0.48
Folk,1993,0,0
Folk,1994,22,0.49
Folk,1995,34,0.43
Folk,1996,26,0.36
Folk,1997,35,0.27
Folk,1998,40,0.25
Folk,1999,39,0.5
Folk,2000,0,0
Folk,2001,0,0
Folk,2002,25,0.42
Folk,2003,20,0.5
Folk,2004,46,0.12
Folk,2005,0,0
Folk,2006,0,0
Folk,2007,0,0
Folk,2008,36,0.33
Folk,2009,0,0
Folk,2010,0,0
Folk,2011,0,0
Folk,2012,0,0
Folk,2013,0,0
Folk,2014,0,0
Folk,2015,0,0
Folk,2016,0,0
Folk,2017,0,0
Folk,2018,42,0.32
Folk,2019,0,0
Folk,2020,0,0
Folk,2021,0,0
Folk,2022,0,0
Folk,2023,43,0.23
Folk,2024,0,0
Punk,1899,0,0
Punk,1901,0,0
Punk,1902,0,0
Punk,1903,0,0
Punk,1904,0,0
Punk,1909,0,0
Punk,1923,0,0
Punk,1924,0,0
Punk,1925,0,0
Punk,1926,0,0
Punk,1927,0,0
Punk,1928,0,0
Punk,1929,0,0
Punk,1930,0,0
Punk,1931,0,0
Punk,1932,0,0
Punk,1933,0,0
Punk,1934,0,0
Punk,1935,0,0
Punk,1936,0,0
Punk,1937,0,0
Punk,1938,0,0
Punk,1939,0,0
Punk,1940,0,0
Punk,1941,0,0
Punk,1942,0,0
Punk,1943,0,0
Punk,1944,0,0
Punk,1945,0,0
Punk,1946,0,0
Punk,1947,0,0
Punk,1948,0,0
Punk,1949,0,0
Punk,1950,0,0
Punk,1951,0,0
Punk,1952,0,0
Punk,1953,0,0
Punk,1954,0,0
Punk,1955,0,0
Punk,1956,0,0
Punk,1957,0,0
Punk,1958,0,0
Punk,1959,0,0
Punk,1960,0,0
Punk,1961,0,0
Punk,1962,0,0
Punk,1963,0,0
Punk,1964,0,0
Punk,1965,0,0
Punk,1966,0,0
Punk,1967,0,0
Punk,1968,0,0
Punk,1969,25,0.78
Punk,1970,38,0.95
Punk,1971,0,0
Punk,1972,0,0
Punk,1973,36,0.73
Punk,1974,0,0
Punk,1975,41,0.7
Punk,1976,26,0.88
Punk,1977,27,0.78
Punk,1978,32,0.81
Punk,1979,29,0.85
Punk,1980,28,0.84
Punk,1981,34,0.84
Punk,1982,30,0.88
Punk,1983,29,0.84
Punk,1984,37,0.87
Punk,1985,32,0.73
Punk,1986,31,0.81
Punk,1987,44,0.77
Punk,1988,39,0.82
Punk,1989,36,0.83
Punk,1990,46,0.74
Punk,1991,30,0.26
Punk,1992,34,0.87
Punk,1993,40,0.82
Punk,1994,41,0.88
Punk,1995,40,0.92
Punk,1996,34,0.88
Punk,1997,38,0.89
Punk,1998,31,0.9
Punk,1999,36,0.92
Punk,2000,32,0.93
Punk,2001,35,0.85
Punk,2002,57,0.95
Punk,2003,45,0.95
Punk,2004,50,0.78
Punk,2005,48,0.92
Punk,2006,43,0.82
Punk,2007,43,0.93
Punk,2008,25,0.89
Punk,2009,0,0
Punk,2010,0,0
Punk,2011,41,0.93
Punk,2012,10,0.71
Punk,2013,0,0
Punk,2014,0,0
Punk,2015,46,0.73
Punk,2016,0,0
Punk,2017,0,0
Punk,2018,0,0
Punk,2019,41,0.8
Punk,2020,0,0
Punk,2021,48,0.94
Punk,2022,0,0
Punk,2023,36,0.84
Punk,2024,0,0
World,1899,0,0
World,1901,0,0
World,1902,0,0
World,1903,0,0
World,1904,0,0
World,1909,0,0
World,1923,0,0
World,1924,0,0
World,1925,0,0
World,1926,0,0
World,1927,0,0
World,1928,0,0
World,1929,0,0
World,1930,0,0
World,1931,0,0
World,1932,0,0
World,1933,0,0
World,1934,0,0
World,1935,0,0
World,1936,0,0
World,1937,0,0
World,1938,0,0
World,1939,0,0
World,1940,0,0
World,1941,0,0
World,1942,0,0
World,1943,0,0
World,1944,0,0
World,1945,0,0
World,1946,0,0
World,1947,0,0
World,1948,0,0
World,1949,0,0
World,1950,0,0
World,1951,0,0
World,1952,0,0
World,1953,0,0
World,1954,0,0
World,1955,0,0
World,1956,0,0
World,1957,0,0
World,1958,41,0.14
World,1959,27,0.89
World,1960,0,0
World,1961,0,0
World,1962,42,0.14
World,1963,19,0.94
World,1964,12,0.22
World,1965,22,0.28
World,1966,9,0.33
World,1967,10,0.5
World,1968,21,0.17
World,1969,22,0.42
World,1970,0,0
World,1971,16,0.54
World,1972,0,0
World,1973,27,0.56
World,1974,34,0.56
World,1975,35,0.76
World,1976,36,0.4
World,1977,23,0.52
World,1978,36,0.78
World,1979,22,0.55
World,1980,20,0.64
World,1981,30,0.66
World,1982,20,0.41
World,1983,55,0.22
World,1984,26,0.37
World,1985,28,0.44
World,1986,23,0.37
World,1987,26,0.55
World,1988,34,0.49
World,1989,27,0.62
World,1990,29,0.46
World,1991,40,0.47
World,1992,31,0.42
World,1993,32,0.37
World,1994,35,0.62
World,1995,32,0.31
World,1996,29,0.56
World,1997,27,0.55
World,1998,42,0.59
World,1999,30,0.53
World,2000,23,0.43
World,2001,30,0.4
World,2002,29,0.54
World,2003,38,0.44
World,2004,23,0.6
World,2005,32,0.46
World,2006,32,0.54
World,2007,24,0.64
World,2008,31,0.57
World,2009,23,0.6
World,2010,13,0.34
World,2011,0,0
World,2012,39,0.76
World,2013,26,0.47
World,2014,0,0
World,2015,57,0.4
World,2016,0,0
World,2017,0,0
World,2018,0,0
World,2019,20,0.61
World,2020,0,0
World,2021,0,0
World,2022,0,0
World,2023,0,0
World,2024,0,0
R&B,1899,0,0
R&B,1901,0,0
R&B,1902,0,0
R&B,1903,0,0
R&B,1904,0,0
R&B,1909,0,0
R&B,1923,0,0
R&B,1924,0,0
R&B,1925,0,0
R&B,1926,0,0
R&B,1927,0,0
R&B,1928,0,0
R&B,1929,0,0
R&B,1930,0,0
R&B,1931,0,0
R&B,1932,0,0
R&B,1933,0,0
R&B,1934,0,0
R&B,1935,0,0
R&B,1936,0,0
R&B,1937,0,0
R&B,1938,27,0.41
R&B,1939,0,0
R&B,1940,0,0
R&B,1941,0,0
R&B,1942,0,0
R&B,1943,0,0
R&B,1944,27,0.13
R&B,1945,30,0.36
R&B,1946,30,0.57
R&B,1947,0,0
R&B,1948,26,0.65
R&B,1949,15,0.28
R&B,1950,24,0.48
R&B,1951,19,0.51
R&B,1952,14,0.32
R&B,1953,22,0.36
R&B,1954,24,0.42
R&B,1955,42,0.42
R&B,1956,30,0.5
R&B,1957,23,0.5
R&B,1958,27,0.51
R&B,1959,27,0.47
R&B,1960,36,0.48
R&B,1961,46,0.53
R&B,1962,43,0.45
R&B,1963,35,0.6
R&B,1964,43,0.56
R&B,1965,35,0.56
R&B,1966,40,0.54
R&B,1967,49,0.54
R&B,1968,45,0.54
R&B,1969,42,0.54
R&B,1970,37,0.62
R&B,1971,50,0.56
R&B,1972,43,0.56
R&B,1973,45,0.63
R&B,1974,44,0.59
R&B,1975,44,0.64
R&B,1976,50,0.66
R&B,1977,49,0.65
R&B,1978,47,0.67
R&B,1979,52,0.63
R&B,1980,35,0.53
R&B,1981,52,0.58
R&B,1982,64,0.63
R&B,1983,49,0.58
R&B,1984,55,0.56
R&B,1985,55,0.56
R&B,1986,56,0.65
R&B,1987,58,0.7
R&B,1988,53,0.72
R&B,1989,44,0.65
R&B,1990,43,0.55
R&B,1991,53,0.67
R&B,1992,56,0.6
R&B,1993,45,0.53
R&B,1994,57,0.5
R&B,1995,61,0.49
R&B,1996,44,0.58
R&B,1997,49,0.51
R&B,1998,49,0.3
R&B,1999,58,0.62
R&B,2000,55,0.37
R&B,2001,65,0.66
R&B,2002,0,0
R&B,2003,62,0.55
R&B,2004,68,0.51
R&B,2005,70,0.47
R&B,2006,67,0.7
R&B,2007,64,0.64
R&B,2008,56,0.65
R&B,2009,58,0.7
R&B,2010,63,0.66
R&B,2011,61,0.88
R&B,2012,67,0.59
R&B,2013,68,0.71
R&B,2014,40,0.65
R&B,2015,0,0
R&B,2016,57,0.65
R&B,2017,0,0
R&B,2018,0,0
R&B,2019,0,0
R&B,2020,0,0
R&B,2021,0,0
R&B,2022,0,0
R&B,2023,0,0
R&B,2024,0,0
Today,1899,0,0
Today,1901,0,0
Today,1902,0,0
Today,1903,0,0
Today,1904,0,0
Today,1909,0,0
Today,1923,0,0
Today,1924,0,0
Today,1925,0,0
Today,1926,0,0
Today,1927,0,0
Today,1928,0,0
Today,1929,0,0
Today,1930,0,0
Today,1931,0,0
Today,1932,0,0
Today,1933,0,0
Today,1934,0,0
Today,1935,0,0
Today,1936,0,0
Today,1937,0,0
Today,1938,0,0
Today,1939,0,0
Today,1940,0,0
Today,1941,0,0
Today,1942,0,0
Today,1943,0,0
Today,1944,0,0
Today,1945,0,0
Today,1946,0,0
Today,1947,0,0
Today,1948,0,0
Today,1949,0,0
Today,1950,0,0
Today,1951,0,0
Today,1952,0,0
Today,1953,0,0
Today,1954,0,0
Today,1955,0,0
Today,1956,0,0
Today,1957,0,0
Today,1958,0,0
Today,1959,0,0
Today,1960,0,0
Today,1961,0,0
Today,1962,0,0
Today,1963,0,0
Today,1964,0,0
Today,1965,0,0
Today,1966,0,0
Today,1967,0,0
Today,1968,0,0
Today,1969,0,0
Today,1970,0,0
Today,1971,0,0
Today,1972,0,0
Today,1973,0,0
Today,1974,0,0
Today,1975,0,0
Today,1976,0,0
Today,1977,0,0
Today,1978,0,0
Today,1979,0,0
Today,1980,0,0
Today,1981,0,0
Today,1982,0,0
Today,1983,0,0
Today,1984,0,0
Today,1985,0,0
Today,1986,0,0
Today,1987,0,0
Today,1988,0,0
Today,1989,0,0
Today,1990,0,0
Today,1991,0,0
Today,1992,0,0
Today,1993,0,0
Today,1994,0,0
Today,1995,0,0
Today,1996,0,0
Today,1997,0,0
Today,1998,0,0
Today,1999,0,0
Today,2000,0,0
Today,2001,76,0.83
Today,2002,60,0.6
Today,2003,79,0.77
Today,2004,61,0.73
Today,2005,63,0.73
Today,2006,78,0.76
Today,2007,76,0.73
Today,2008,69,0.65
Today,2009,69,0.75
Today,2010,70,0.72
Today,2011,70,0.78
Today,2012,62,0.73
Today,2013,69,0.63
Today,2014,71,0.69
Today,2015,66,0.62
Today,2016,64,0.66
Today,2017,73,0.64
Today,2018,68,0.59
Today,2019,66,0.64
Today,2020,68,0.63
Today,2021,69,0.63
Today,2022,66,0.62
Today,2023,63,0.64
Today,2024,0,0
SKA,1899,0,0
SKA,1901,0,0
SKA,1902,0,0
SKA,1903,0,0
SKA,1904,0,0
SKA,1909,0,0
SKA,1923,0,0
SKA,1924,0,0
SKA,1925,0,0
SKA,1926,0,0
SKA,1927,0,0
SKA,1928,0,0
SKA,1929,0,0
SKA,1930,0,0
SKA,1931,0,0
SKA,1932,0,0
SKA,1933,0,0
SKA,1934,0,0
SKA,1935,0,0
SKA,1936,0,0
SKA,1937,0,0
SKA,1938,0,0
SKA,1939,0,0
SKA,1940,0,0
SKA,1941,0,0
SKA,1942,0,0
SKA,1943,0,0
SKA,1944,0,0
SKA,1945,0,0
SKA,1946,0,0
SKA,1947,0,0
SKA,1948,0,0
SKA,1949,0,0
SKA,1950,0,0
SKA,1951,0,0
SKA,1952,0,0
SKA,1953,0,0
SKA,1954,0,0
SKA,1955,0,0
SKA,1956,0,0
SKA,1957,0,0
SKA,1958,0,0
SKA,1959,0,0
SKA,1960,15,0.53
SKA,1961,18,0.69
SKA,1962,0,0
SKA,1963,8,0.62
SKA,1964,34,0.61
SKA,1965,50,0.49
SKA,1966,27,0.41
SKA,1967,29,0.55
SKA,1968,16,0.59
SKA,1969,36,0.49
SKA,1970,35,0.53
SKA,1971,32,0.56
SKA,1972,21,0.51
SKA,1973,32,0.43
SKA,1974,14,0.68
SKA,1975,0,0
SKA,1976,11,0.64
SKA,1977,43,0.53
SKA,1978,13,0.55
SKA,1979,35,0.93
SKA,1980,32,0.71
SKA,1981,32,0.67
SKA,1982,50,0.76
SKA,1983,43,0.62
SKA,1984,0,0
SKA,1985,24,0.89
SKA,1986,0,0
SKA,1987,21,0.77
SKA,1988,0,0
SKA,1989,22,0.81
SKA,1990,18,0.79
SKA,1991,25,0.97
SKA,1992,48,0.68
SKA,1993,34,0.88
SKA,1994,53,0.97
SKA,1995,48,0.93
SKA,1996,46,0.85
SKA,1997,32,0.81
SKA,1998,34,0.87
SKA,1999,31,0.81
SKA,2000,29,0.84
SKA,2001,28,0.8
SKA,2002,44,0.8
SKA,2003,36,0.87
SKA,2004,28,0.95
SKA,2005,32,0.95
SKA,2006,24,0.92
SKA,2007,33,0.84
SKA,2008,37,0.89
SKA,2009,31,0.84
SKA,2010,0,0
SKA,2011,0,0
SKA,2012,33,0.76
SKA,2013,0,0
SKA,2014,60,0.94
SKA,2015,42,0.74
SKA,2016,43,0.94
SKA,2017,0,0
SKA,2018,44,0.98
SKA,2019,0,0
SKA,2020,22,0.94
SKA,2021,0,0
SKA,2022,0,0
SKA,2023,0,0
SKA,2024,0,0
Country,1899,0,0
Country,1901,0,0
Country,1902,0,0
Country,1903,0,0
Country,1904,0,0
Country,1909,0,0
Country,1923,0,0
Country,1924,0,0
Country,1925,0,0
Country,1926,0,0
Country,1927,21,0.31
Country,1928,28,0.28
Country,1929,11,0.31
Country,1930,0,0
Country,1931,11,0.2
Country,1932,4,0.2
Country,1933,0,0
Country,1934,9,0.24
Country,1935,20,0.24
Country,1936,20,0.31
Country,1937,0,0
Country,1938,0,0
Country,1939,32,0.2
Country,1940,21,0.28
Country,1941,20,0.29
Country,1942,19,0.41
Country,1943,0,0
Country,1944,0,0
Country,1945,15,0.37
Country,1946,27,0.3
Country,1947,29,0.34
Country,1948,28,0.24
Country,1949,28,0.22
Country,1950,19,0.31
Country,1951,21,0.38
Country,1952,26,0.32
Country,1953,25,0.35
Country,1954,22,0.37
Country,1955,25,0.36
Country,1956,39,0.38
Country,1957,37,0.42
Country,1958,22,0.43
Country,1959,37,0.45
Country,1960,29,0.41
Country,1961,39,0.32
Country,1962,27,0.34
Country,1963,39,0.36
Country,1964,39,0.34
Country,1965,31,0.44
Country,1966,34,0.36
Country,1967,37,0.42
Country,1968,36,0.4
Country,1969,38,0.42
Country,1970,37,0.4
Country,1971,33,0.45
Country,1972,37,0.44
Country,1973,42,0.43
Country,1974,39,0.39
Country,1975,41,0.39
Country,1976,35,0.5
Country,1977,48,0.48
Country,1978,38,0.42
Country,1979,43,0.48
Country,1980,43,0.49
Country,1981,40,0.46
Country,1982,39,0.52
Country,1983,40,0.45
Country,1984,37,0.5
Country,1985,38,0.46
Country,1986,44,0.48
Country,1987,45,0.54
Country,1988,43,0.42
Country,1989,45,0.55
Country,1990,44,0.43
Country,1991,50,0.51
Country,1992,52,0.48
Country,1993,49,0.71
Country,1994,49,0.49
Country,1995,49,0.6
Country,1996,63,0.73
Country,1997,50,0.63
Country,1998,50,0.63
Country,1999,54,0.64
Country,2000,38,0.48
Country,2001,49,0.45
Country,2002,58,0.56
Country,2003,55,0.68
Country,2004,53,0.75
Country,2005,63,0.89
Country,2006,45,0.51
Country,2007,0,0
Country,2008,65,0.62
Country,2009,22,0.51
Country,2010,0,0
Country,2011,67,0.56
Country,2012,44,0.93
Country,2013,0,0
Country,2014,53,0.68
Country,2015,0,0
Country,2016,67,0.48
Country,2017,0,0
Country,2018,0,0
Country,2019,0,0
Country,2020,0,0
Country,2021,0,0
Country,2022,0,0
Country,2023,55,0.67
Country,2024,0,0
Reggae,1899,0,0
Reggae,1901,0,0
Reggae,1902,0,0
Reggae,1903,0,0
Reggae,1904,0,0
Reggae,1909,0,0
Reggae,1923,0,0
Reggae,1924,0,0
Reggae,1925,0,0
Reggae,1926,0,0
Reggae,1927,0,0
Reggae,1928,0,0
Reggae,1929,0,0
Reggae,1930,0,0
Reggae,1931,0,0
Reggae,1932,0,0
Reggae,1933,0,0
Reggae,1934,0,0
Reggae,1935,0,0
Reggae,1936,0,0
Reggae,1937,0,0
Reggae,1938,0,0
Reggae,1939,0,0
Reggae,1940,0,0
Reggae,1941,0,0
Reggae,1942,0,0
Reggae,1943,0,0
Reggae,1944,0,0
Reggae,1945,0,0
Reggae,1946,0,0
Reggae,1947,0,0
Reggae,1948,0,0
Reggae,1949,0,0
Reggae,1950,0,0
Reggae,1951,0,0
Reggae,1952,0,0
Reggae,1953,0,0
Reggae,1954,0,0
Reggae,1955,0,0
Reggae,1956,0,0
Reggae,1957,0,0
Reggae,1958,0,0
Reggae,1959,0,0
Reggae,1960,0,0
Reggae,1961,0,0
Reggae,1962,0,0
Reggae,1963,0,0
Reggae,1964,0,0
Reggae,1965,74,0.51
Reggae,1966,0,0
Reggae,1967,46,0.39
Reggae,1968,30,0.7
Reggae,1969,26,0.51
Reggae,1970,24,0.46
Reggae,1971,13,0.5
Reggae,1972,26,0.54
Reggae,1973,47,0.52
Reggae,1974,20,0.61
Reggae,1975,38,0.67
Reggae,1976,37,0.54
Reggae,1977,35,0.53
Reggae,1978,31,0.49
Reggae,1979,35,0.56
Reggae,1980,38,0.53
Reggae,1981,16,0.5
Reggae,1982,26,0.51
Reggae,1983,42,0.57
Reggae,1984,29,0.55
Reggae,1985,25,0.51
Reggae,1986,28,0.43
Reggae,1987,18,0.45
Reggae,1988,40,0.54
Reggae,1989,33,0.55
Reggae,1990,36,0.46
Reggae,1991,43,0.68
Reggae,1992,53,0.54
Reggae,1993,0,0
Reggae,1994,31,0.64
Reggae,1995,36,0.62
Reggae,1996,37,0.69
Reggae,1997,36,0.65
Reggae,1998,38,0.76
Reggae,1999,52,0.64
Reggae,2000,35,0.57
Reggae,2001,43,0.66
Reggae,2002,38,0.49
Reggae,2003,39,0.61
Reggae,2004,45,0.75
Reggae,2005,43,0.64
Reggae,2006,53,0.75
Reggae,2007,0,0
Reggae,2008,46,0.6
Reggae,2009,53,0.65
Reggae,2010,39,0.67
Reggae,2011,0,0
Reggae,2012,53,0.67
Reggae,2013,45,0.7
Reggae,2014,60,0.79
Reggae,2015,0,0
Reggae,2016,44,0.47
Reggae,2017,0,0
Reggae,2018,46,0.58
Reggae,2019,0,0
Reggae,2020,0,0
Reggae,2021,0,0
Reggae,2022,0,0
Reggae,2023,0,0
Reggae,2024,0,0
Gospel,1899,0,0
Gospel,1901,0,0
Gospel,1902,0,0
Gospel,1903,0,0
Gospel,1904,0,0
Gospel,1909,0,0
Gospel,1923,0,0
Gospel,1924,0,0
Gospel,1925,0,0
Gospel,1926,0,0
Gospel,1927,0,0
Gospel,1928,0,0
Gospel,1929,0,0
Gospel,1930,0,0
Gospel,1931,0,0
Gospel,1932,0,0
Gospel,1933,0,0
Gospel,1934,0,0
Gospel,1935,0,0
Gospel,1936,0,0
Gospel,1937,0,0
Gospel,1938,0,0
Gospel,1939,0,0
Gospel,1940,0,0
Gospel,1941,0,0
Gospel,1942,0,0
Gospel,1943,0,0
Gospel,1944,0,0
Gospel,1945,0,0
Gospel,1946,0,0
Gospel,1947,0,0
Gospel,1948,0,0
Gospel,1949,0,0
Gospel,1950,0,0
Gospel,1951,0,0
Gospel,1952,0,0
Gospel,1953,0,0
Gospel,1954,0,0
Gospel,1955,0,0
Gospel,1956,0,0
Gospel,1957,0,0
Gospel,1958,0,0
Gospel,1959,0,0.35
Gospel,1960,22,0.3
Gospel,1961,0,0
Gospel,1962,15,0.62
Gospel,1963,0,0
Gospel,1964,0,0
Gospel,1965,0,0
Gospel,1966,0,0
Gospel,1967,0,0
Gospel,1968,0,0
Gospel,1969,0,0
Gospel,1970,0,0
Gospel,1971,26,0.49
Gospel,1972,0,0
Gospel,1973,0,0
Gospel,1974,22,0.67
Gospel,1975,0,0
Gospel,1976,0,0
Gospel,1977,30,0.52
Gospel,1978,31,0.54
Gospel,1979,0,0
Gospel,1980,25,0.55
Gospel,1981,9,0.35
Gospel,1982,0,0
Gospel,1983,0,0
Gospel,1984,0,0
Gospel,1985,0,0
Gospel,1986,20,0.62
Gospel,1987,29,0.59
Gospel,1988,20,0.66
Gospel,1989,34,0.57
Gospel,1990,0,0
Gospel,1991,0,0
Gospel,1992,28,0.46
Gospel,1993,0,0
Gospel,1994,25,0.5
Gospel,1995,27,0.63
Gospel,1996,38,0.66
Gospel,1997,37,0.68
Gospel,1998,46,0.46
Gospel,1999,47,0.52
Gospel,2000,46,0.78
Gospel,2001,24,0.68
Gospel,2002,0,0
Gospel,2003,33,0.63
Gospel,2004,51,0.69
Gospel,2005,33,0.58
Gospel,2006,47,0.17
Gospel,2007,49,0.55
Gospel,2008,57,0.83
Gospel,2009,37,0.67
Gospel,2010,22,0.55
Gospel,2011,58,0.75
Gospel,2012,40,0.57
Gospel,2013,31,0.54
Gospel,2014,39,0.7
Gospel,2015,40,0.71
Gospel,2016,30,0.77
Gospel,2017,38,0.72
Gospel,2018,63,0.54
Gospel,2019,21,0.77
Gospel,2020,43,0.69
Gospel,2021,51,0.64
Gospel,2022,64,0.7
Gospel,2023,0,0
Gospel,2024,0,0
EDM,1899,0,0
EDM,1901,0,0
EDM,1902,0,0
EDM,1903,0,0
EDM,1904,0,0
EDM,1909,0,0
EDM,1923,0,0
EDM,1924,0,0
EDM,1925,0,0
EDM,1926,0,0
EDM,1927,0,0
EDM,1928,0,0
EDM,1929,0,0
EDM,1930,0,0
EDM,1931,0,0
EDM,1932,0,0
EDM,1933,0,0
EDM,1934,0,0
EDM,1935,0,0
EDM,1936,0,0
EDM,1937,0,0
EDM,1938,0,0
EDM,1939,0,0
EDM,1940,0,0
EDM,1941,0,0
EDM,1942,0,0
EDM,1943,0,0
EDM,1944,0,0
EDM,1945,0,0
EDM,1946,0,0
EDM,1947,0,0
EDM,1948,0,0
EDM,1949,0,0
EDM,1950,0,0
EDM,1951,0,0
EDM,1952,0,0
EDM,1953,0,0
EDM,1954,0,0
EDM,1955,0,0
EDM,1956,0,0
EDM,1957,0,0
EDM,1958,0,0
EDM,1959,0,0
EDM,1960,0,0
EDM,1961,0,0
EDM,1962,0,0
EDM,1963,0,0
EDM,1964,0,0
EDM,1965,0,0
EDM,1966,0,0
EDM,1967,0,0
EDM,1968,0,0
EDM,1969,0,0
EDM,1970,0,0
EDM,1971,0,0
EDM,1972,0,0
EDM,1973,0,0
EDM,1974,0,0
EDM,1975,0,0
EDM,1976,0,0
EDM,1977,0,0
EDM,1978,0,0
EDM,1979,0,0
EDM,1980,0,0
EDM,1981,0,0
EDM,1982,0,0
EDM,1983,0,0
EDM,1984,0,0
EDM,1985,0,0
EDM,1986,0,0
EDM,1987,0,0
EDM,1988,0,0
EDM,1989,0,0
EDM,1990,0,0
EDM,1991,38,0.79
EDM,1992,55,0.75
EDM,1993,0,0
EDM,1994,44,0.98
EDM,1995,43,0.76
EDM,1996,46,0.97
EDM,1997,54,0.84
EDM,1998,36,0.94
EDM,1999,43,0.87
EDM,2000,64,0.8
EDM,2001,60,0.64
EDM,2002,52,0.84
EDM,2003,39,0.67
EDM,2004,41,0.84
EDM,2005,43,0.8
EDM,2006,43,0.87
EDM,2007,43,0.88
EDM,2008,42,0.8
EDM,2009,36,0.86
EDM,2010,44,0.79
EDM,2011,44,0.82
EDM,2012,47,0.85
EDM,2013,47,0.83
EDM,2014,47,0.84
EDM,2015,48,0.82
EDM,2016,50,0.76
EDM,2017,53,0.75
EDM,2018,47,0.78
EDM,2019,47,0.77
EDM,2020,50,0.73
EDM,2021,54,0.77
EDM,2022,44,0.77
EDM,2023,54,0.93
EDM,2024,79,0.74
Jazz,1899,43,0.23
Jazz,1901,25,0.15
Jazz,1902,22,0.26
Jazz,1903,18,0.18
Jazz,1904,16,0.2
Jazz,1909,23,0.04
Jazz,1923,19,0.27
Jazz,1924,14,0.53
Jazz,1925,0,0
Jazz,1926,10,0.3
Jazz,1927,26,0.45
Jazz,1928,25,0.31
Jazz,1929,25,0.24
Jazz,1930,38,0.14
Jazz,1931,24,0.33
Jazz,1932,0,0
Jazz,1933,0,0
Jazz,1934,38,0.13
Jazz,1935,40,0.27
Jazz,1936,36,0.2
Jazz,1937,23,0.4
Jazz,1938,29,0.33
Jazz,1939,30,0.21
Jazz,1940,33,0.38
Jazz,1941,27,0.22
Jazz,1942,39,0.22
Jazz,1943,5,0.51
Jazz,1944,26,0.28
Jazz,1945,26,0.47
Jazz,1946,33,0.38
Jazz,1947,18,0.38
Jazz,1948,41,0.26
Jazz,1949,22,0.37
Jazz,1950,38,0.23
Jazz,1951,28,0.42
Jazz,1952,37,0.22
Jazz,1953,31,0.38
Jazz,1954,31,0.32
Jazz,1955,25,0.22
Jazz,1956,31,0.29
Jazz,1957,33,0.25
Jazz,1958,32,0.32
Jazz,1959,35,0.26
Jazz,1960,31,0.32
Jazz,1961,33,0.25
Jazz,1962,26,0.32
Jazz,1963,27,0.38
Jazz,1964,31,0.45
Jazz,1965,34,0.38
Jazz,1966,30,0.43
Jazz,1967,25,0.43
Jazz,1968,14,0.45
Jazz,1969,26,0.27
Jazz,1970,28,0.42
Jazz,1971,19,0.36
Jazz,1972,26,0.37
Jazz,1973,23,0.61
Jazz,1974,23,0.53
Jazz,1975,20,0.41
Jazz,1976,31,0.49
Jazz,1977,24,0.51
Jazz,1978,28,0.48
Jazz,1979,14,0.53
Jazz,1980,38,0.63
Jazz,1981,32,0.5
Jazz,1982,33,0.56
Jazz,1983,36,0.46
Jazz,1984,0,0
Jazz,1985,22,0.34
Jazz,1986,25,0.71
Jazz,1987,29,0.36
Jazz,1988,0,0
Jazz,1989,17,0.11
Jazz,1990,23,0.19
Jazz,1991,0,0
Jazz,1992,27,0.17
Jazz,1993,0,0
Jazz,1994,1,0.19
Jazz,1995,32,0.47
Jazz,1996,15,0.15
Jazz,1997,12,0.32
Jazz,1998,19,0.5
Jazz,1999,0,0
Jazz,2000,0,0
Jazz,2001,0,0
Jazz,2002,23,0.39
Jazz,2003,0,0
Jazz,2004,0,0
Jazz,2005,25,0.62
Jazz,2006,0,0
Jazz,2007,0,0
Jazz,2008,0,0
Jazz,2009,24,0.59
Jazz,2010,0,0
Jazz,2011,0,0
Jazz,2012,0,0
Jazz,2013,0,0
Jazz,2014,0,0
Jazz,2015,39,0.26
Jazz,2016,0,0
Jazz,2017,0,0
Jazz,2018,0,0
Jazz,2019,0,0
Jazz,2020,0,0
Jazz,2021,0,0
Jazz,2022,0,0
Jazz,2023,0,0
Jazz,2024,0,0
Blues,1899,0,0
Blues,1901,0,0
Blues,1902,0,0
Blues,1903,0,0
Blues,1904,0,0
Blues,1909,0,0
Blues,1923,14,0.12
Blues,1924,9,0.13
Blues,1925,29,0.11
Blues,1926,11,0.19
Blues,1927,15,0.25
Blues,1928,15,0.19
Blues,1929,16,0.26
Blues,1930,13,0.19
Blues,1931,18,0.15
Blues,1932,0,0
Blues,1933,15,0.18
Blues,1934,24,0.24
Blues,1935,11,0.28
Blues,1936,30,0.21
Blues,1937,22,0.25
Blues,1938,10,0.23
Blues,1939,35,0.12
Blues,1940,19,0.29
Blues,1941,10,0.17
Blues,1942,0,0
Blues,1943,0,0
Blues,1944,28,0.29
Blues,1945,20,0.18
Blues,1946,14,0.29
Blues,1947,19,0.28
Blues,1948,21,0.36
Blues,1949,10,0.29
Blues,1950,11,0.29
Blues,1951,27,0.38
Blues,1952,33,0.52
Blues,1953,23,0.44
Blues,1954,27,0.43
Blues,1955,24,0.43
Blues,1956,27,0.4
Blues,1957,23,0.45
Blues,1958,24,0.43
Blues,1959,28,0.46
Blues,1960,28,0.48
Blues,1961,28,0.46
Blues,1962,22,0.39
Blues,1963,16,0.31
Blues,1964,19,0.43
Blues,1965,24,0.41
Blues,1966,23,0.48
Blues,1967,30,0.44
Blues,1968,30,0.41
Blues,1969,25,0.51
Blues,1970,43,0.55
Blues,1971,34,0.56
Blues,1972,31,0.47
Blues,1973,16,0.52
Blues,1974,26,0.64
Blues,1975,23,0.52
Blues,1976,14,0.68
Blues,1977,18,0.77
Blues,1978,32,0.62
Blues,1979,48,0.44
Blues,1980,29,0.5
Blues,1981,16,0.57
Blues,1982,35,0.71
Blues,1983,38,0.62
Blues,1984,33,0.54
Blues,1985,26,0.7
Blues,1986,25,0.7
Blues,1987,0,0
Blues,1988,37,0.67
Blues,1989,45,0.48
Blues,1990,34,0.54
Blues,1991,34,0.77
Blues,1992,28,0.59
Blues,1993,31,0.44
Blues,1994,23,0.69
Blues,1995,28,0.67
Blues,1996,29,0.51
Blues,1997,41,0.69
Blues,1998,29,0.67
Blues,1999,35,0.73
Blues,2000,13,0.63
Blues,2001,47,0.93
Blues,2002,29,0.5
Blues,2003,32,0.59
Blues,2004,10,0.5
Blues,2005,21,0.6
Blues,2006,25,0.52
Blues,2007,0,0
Blues,2008,24,0.71
Blues,2009,0,0
Blues,2010,0,0
Blues,2011,41,0.76
Blues,2012,29,0.84
Blues,2013,0,0
Blues,2014,33,0.78
Blues,2015,0,0
Blues,2016,0,0
Blues,2017,41,0.54
Blues,2018,30,0.85
Blues,2019,36,0.56
Blues,2020,0,0
Blues,2021,60,0.41
Blues,2022,24,0.49
Blues,2023,0,0
Blues,2024,0,0
